,0,1,2,3,4
0,70,Worse,No Change,No Change,Better
1,71,No Change,No Change,No Change,Worse
2,72,Worse,Worse,Worse,Worse
3,73,Worse,No Change,Worse,Worse
4,74,Worse,No Change,Worse,Worse
5,75,,,,
6,76,Worse,Worse,Worse,Worse
7,78,Worse,No Change,No Change,
8,80,Worse,Worse,Worse,No Change
9,81,No Change,No Change,No Change,No Change
10,82,No Change,No Change,No Change,
11,83,No Change,No Change,No Change,Worse
12,84,No Change,No Change,No Change,No Change
13,85,No Change,No Change,No Change,No Change
14,86,No Change,No Change,No Change,No Change
