﻿case,,,,
70,Worse,No Change,No Change,Worse
71,Worse,No Change,No Change,No Change
72,Worse,No Change,No Change,No Change
73,No Change,Worse,Worse,No Change
74,No Change,No Change,Worse,Worse
75,,,,
76,Worse,No Change,Worse,No Change
78,No Change,No Change,No Change,
80,No Change,No Change,Worse,Worse
81,Worse,Worse,No Change,No Change
82,No Change,No Change,Worse,
83,Worse,No Change,No Change,No Change
84,Worse,Worse,No Change,Worse
85,No Change,No Change,Worse,No Change
86,Worse,Worse,No Change,No Change