case,,,,
70,Worse,Worse,No Change,Worse
71,Worse,No Change,Worse,Worse
72,Worse,No Change,No Change,Worse
73,No Change,Worse,Worse,Worse
74,No Change,No Change,Worse,Worse
75,,,,
76,Worse,No Change,Worse,Worse
78,No Change,No Change,Worse,
80,No Change,No Change,Worse,Worse
81,Worse,Worse,No Change,No Change
82,No Change,No Change,No Change,
83,Worse,No Change,No Change,No Change
84,No Change,Worse,No Change,Worse
85,No Change,No Change,No Change,No Change
86,Worse,Worse,No Change,Worse