,0,1,2,3,4
0,70,Sub-optimal,No Impact,Sub-optimal,Improved
1,71,Sub-optimal,Sub-optimal,Sub-optimal,Sub-optimal
2,72,Sub-optimal,Sub-optimal,Sub-optimal,Sub-optimal
3,73,Sub-optimal,Sub-optimal,Sub-optimal,Sub-optimal
4,74,Sub-optimal,No Impact,Sub-optimal,Sub-optimal
5,75,,,,
6,76,Sub-optimal,Sub-optimal,Sub-optimal,Sub-optimal
7,78,Sub-optimal,Sub-optimal,Sub-optimal,
8,80,Sub-optimal,Sub-optimal,Sub-optimal,Sub-optimal
9,81,Sub-optimal,Improved,No Impact,No Impact
10,82,No Impact,No Impact,No Impact,
11,83,No Impact,No Impact,Sub-optimal,Sub-optimal
12,84,No Impact,No Impact,No Impact,No Impact
13,85,Sub-optimal,No Impact,Sub-optimal,No Impact
14,86,Improved,Improved,No Impact,No Impact
