,0,1,2,3,4
0,70,Worse,Worse,Better,Better
1,71,Worse,No Change,No Change,No Change
2,72,Worse,No Change,Worse,Worse
3,73,No Change,Worse,Worse,Better
4,74,Worse,No Change,Worse,No Change
5,75,,,,
6,76,Worse,Worse,Worse,Worse
7,78,Worse,Worse,Worse,
8,80,No Change,Worse,Worse,Worse
9,81,Worse,No Change,Worse,No Change
10,82,Worse,No Change,Worse,
11,83,No Change,No Change,No Change,No Change
12,84,Better,Worse,No Change,No Change
13,85,Worse,Worse,Worse,Worse
14,86,Worse,No Change,Worse,No Change
