,0,1,2,3,4
0,70,Worse,Worse,Better,Better
1,71,Worse,No Change,No Change,No Change
2,72,Worse,No Change,No Change,No Change
3,73,No Change,Worse,Worse,No Change
4,74,No Change,No Change,Worse,Worse
5,75,,,,
6,76,Worse,No Change,Worse,Worse
7,78,Worse,Worse,Worse,
8,80,No Change,Worse,Worse,Worse
9,81,Worse,Worse,Worse,No Change
10,82,Worse,No Change,Worse,
11,83,Worse,No Change,No Change,No Change
12,84,No Change,Worse,No Change,Worse
13,85,No Change,Worse,Worse,Worse
14,86,Worse,Worse,No Change,No Change
